-- V4__seed_porto_seguro.sql
-- SEED DEMO PORTO SEGURO - NAO USAR EM PRODUCAO
-- 50 ocorrencias simuladas para pagina de IA / ciencia de dados
-- Coordenadas de referencia: OpenStreetMap / GuiaMapa (Porto Seguro, BA)

-- ========== USUARIOS (senha dev: senha123) ==========
INSERT INTO tb_usuario (id, nome, email, senha_hash, tipo, criado_em, ativo) VALUES ('a1000001-0000-4000-8000-000000000001', 'Maria Silva', 'maria.silva.ps@email.com', '$2b$10$VkQrY3R27IAs9PLE8hKNGepOpHnTgRpE/SIWtfm5vNb8itLccwVW6', 'CIDADAO', NOW() - INTERVAL '89 days', true);
INSERT INTO tb_usuario (id, nome, email, senha_hash, tipo, criado_em, ativo) VALUES ('a1000001-0000-4000-8000-000000000002', 'Joao Santos', 'joao.santos.ps@email.com', '$2b$10$VkQrY3R27IAs9PLE8hKNGepOpHnTgRpE/SIWtfm5vNb8itLccwVW6', 'CIDADAO', NOW() - INTERVAL '88 days', true);
INSERT INTO tb_usuario (id, nome, email, senha_hash, tipo, criado_em, ativo) VALUES ('a1000001-0000-4000-8000-000000000003', 'Ana Costa', 'ana.costa.ps@email.com', '$2b$10$VkQrY3R27IAs9PLE8hKNGepOpHnTgRpE/SIWtfm5vNb8itLccwVW6', 'CIDADAO', NOW() - INTERVAL '87 days', true);
INSERT INTO tb_usuario (id, nome, email, senha_hash, tipo, criado_em, ativo) VALUES ('a1000001-0000-4000-8000-000000000004', 'Carlos Oliveira', 'carlos.oliveira.ps@email.com', '$2b$10$VkQrY3R27IAs9PLE8hKNGepOpHnTgRpE/SIWtfm5vNb8itLccwVW6', 'CIDADAO', NOW() - INTERVAL '86 days', true);
INSERT INTO tb_usuario (id, nome, email, senha_hash, tipo, criado_em, ativo) VALUES ('a1000001-0000-4000-8000-000000000005', 'Fernanda Lima', 'fernanda.lima.ps@email.com', '$2b$10$VkQrY3R27IAs9PLE8hKNGepOpHnTgRpE/SIWtfm5vNb8itLccwVW6', 'CIDADAO', NOW() - INTERVAL '85 days', true);
INSERT INTO tb_usuario (id, nome, email, senha_hash, tipo, criado_em, ativo) VALUES ('a1000001-0000-4000-8000-000000000006', 'Roberto Alves', 'roberto.alves.ps@email.com', '$2b$10$VkQrY3R27IAs9PLE8hKNGepOpHnTgRpE/SIWtfm5vNb8itLccwVW6', 'CIDADAO', NOW() - INTERVAL '84 days', true);
INSERT INTO tb_usuario (id, nome, email, senha_hash, tipo, criado_em, ativo) VALUES ('a1000001-0000-4000-8000-000000000007', 'Juliana Rocha', 'juliana.rocha.ps@email.com', '$2b$10$VkQrY3R27IAs9PLE8hKNGepOpHnTgRpE/SIWtfm5vNb8itLccwVW6', 'CIDADAO', NOW() - INTERVAL '83 days', true);
INSERT INTO tb_usuario (id, nome, email, senha_hash, tipo, criado_em, ativo) VALUES ('a1000001-0000-4000-8000-000000000008', 'Pedro Mendes', 'pedro.mendes.ps@email.com', '$2b$10$VkQrY3R27IAs9PLE8hKNGepOpHnTgRpE/SIWtfm5vNb8itLccwVW6', 'CIDADAO', NOW() - INTERVAL '82 days', true);
INSERT INTO tb_usuario (id, nome, email, senha_hash, tipo, criado_em, ativo) VALUES ('a1000001-0000-4000-8000-000000000009', 'Luciana Ferreira', 'luciana.ferreira.ps@email.com', '$2b$10$VkQrY3R27IAs9PLE8hKNGepOpHnTgRpE/SIWtfm5vNb8itLccwVW6', 'CIDADAO', NOW() - INTERVAL '81 days', true);
INSERT INTO tb_usuario (id, nome, email, senha_hash, tipo, criado_em, ativo) VALUES ('a1000001-0000-4000-8000-000000000010', 'Marcos Pereira', 'marcos.pereira.ps@email.com', '$2b$10$VkQrY3R27IAs9PLE8hKNGepOpHnTgRpE/SIWtfm5vNb8itLccwVW6', 'CIDADAO', NOW() - INTERVAL '80 days', true);
INSERT INTO tb_usuario (id, nome, email, senha_hash, tipo, criado_em, ativo) VALUES ('a1000001-0000-4000-8000-000000000011', 'Patricia Souza', 'patricia.souza.ps@email.com', '$2b$10$VkQrY3R27IAs9PLE8hKNGepOpHnTgRpE/SIWtfm5vNb8itLccwVW6', 'CIDADAO', NOW() - INTERVAL '79 days', true);
INSERT INTO tb_usuario (id, nome, email, senha_hash, tipo, criado_em, ativo) VALUES ('a1000001-0000-4000-8000-000000000012', 'Ricardo Barbosa', 'ricardo.barbosa.ps@email.com', '$2b$10$VkQrY3R27IAs9PLE8hKNGepOpHnTgRpE/SIWtfm5vNb8itLccwVW6', 'CIDADAO', NOW() - INTERVAL '78 days', true);
INSERT INTO tb_usuario (id, nome, email, senha_hash, tipo, criado_em, ativo) VALUES ('a1000001-0000-4000-8000-000000000013', 'Gestor Demo', 'gestor.demo@zurbi.ps.gov.br', '$2b$10$VkQrY3R27IAs9PLE8hKNGepOpHnTgRpE/SIWtfm5vNb8itLccwVW6', 'GESTOR', NOW() - INTERVAL '120 days', true);

-- ========== ORGAOS ==========
INSERT INTO tb_orgao (id, nome, sigla, prazo_resolucao_horas) VALUES ('b2000001-0000-4000-8000-000000000001', 'Secretaria de Obras e Infraestrutura', 'SOI', 72);
INSERT INTO tb_orgao (id, nome, sigla, prazo_resolucao_horas) VALUES ('b2000001-0000-4000-8000-000000000002', 'Companhia de Iluminacao Publica', 'CIP', 48);
INSERT INTO tb_orgao (id, nome, sigla, prazo_resolucao_horas) VALUES ('b2000001-0000-4000-8000-000000000003', 'Empresa de Saneamento Basico', 'ESB', 24);
INSERT INTO tb_orgao (id, nome, sigla, prazo_resolucao_horas) VALUES ('b2000001-0000-4000-8000-000000000004', 'Secretaria de Limpeza Urbana', 'SLU', 48);
INSERT INTO tb_orgao (id, nome, sigla, prazo_resolucao_horas) VALUES ('b2000001-0000-4000-8000-000000000005', 'Defesa Civil Municipal', 'DCM', 12);

INSERT INTO tb_orgao_categorias (orgao_id, categoria) VALUES ('b2000001-0000-4000-8000-000000000001', 'VIARIO');
INSERT INTO tb_orgao_categorias (orgao_id, categoria) VALUES ('b2000001-0000-4000-8000-000000000001', 'TRANSITO');
INSERT INTO tb_orgao_categorias (orgao_id, categoria) VALUES ('b2000001-0000-4000-8000-000000000002', 'ILUMINACAO');
INSERT INTO tb_orgao_categorias (orgao_id, categoria) VALUES ('b2000001-0000-4000-8000-000000000003', 'SANEAMENTO');
INSERT INTO tb_orgao_categorias (orgao_id, categoria) VALUES ('b2000001-0000-4000-8000-000000000004', 'LIMPEZA');
INSERT INTO tb_orgao_categorias (orgao_id, categoria) VALUES ('b2000001-0000-4000-8000-000000000005', 'TRANSITO');

-- ========== OCORRENCIAS (50) ==========
INSERT INTO tb_ocorrencia (id, protocolo, usuario_id, orgao_id, categoria, subcategoria, descricao, urgencia, status, latitude, longitude, endereco_aproximado, bairro, risco_acidente, recorrente, criado_em, resolvido_em) VALUES ('c3000001-0000-4000-8000-000000000001', 'ZUR-2026-0001', 'a1000001-0000-4000-8000-000000000001', 'b2000001-0000-4000-8000-000000000001', 'VIARIO', 'Buraco na via', 'Buraco profundo na pista, motos desviando perigosamente.', 'ALTA', 'EM_ANDAMENTO', -16.4538583, -39.0662655, 'Alameda dos Coqueiros, 2, Centro', 'Centro', true, true, NOW() - INTERVAL '5 days' - INTERVAL '0 hours', NULL);
INSERT INTO tb_ocorrencia (id, protocolo, usuario_id, orgao_id, categoria, subcategoria, descricao, urgencia, status, latitude, longitude, endereco_aproximado, bairro, risco_acidente, recorrente, criado_em, resolvido_em) VALUES ('c3000001-0000-4000-8000-000000000002', 'ZUR-2026-0002', 'a1000001-0000-4000-8000-000000000002', 'b2000001-0000-4000-8000-000000000001', 'VIARIO', 'Calcada quebrada', 'Calcada irregular proximo a escola municipal.', 'MEDIA', 'CONCLUIDO', -16.4370000, -39.0593000, 'Rua da Paz, 3, Tancredo Neves', 'Tancredo Neves', false, false, NOW() - INTERVAL '22 days' - INTERVAL '1 hours', NOW() - INTERVAL '22 days' - INTERVAL '1 hours' + INTERVAL '7 days');
INSERT INTO tb_ocorrencia (id, protocolo, usuario_id, orgao_id, categoria, subcategoria, descricao, urgencia, status, latitude, longitude, endereco_aproximado, bairro, risco_acidente, recorrente, criado_em, resolvido_em) VALUES ('c3000001-0000-4000-8000-000000000003', 'ZUR-2026-0003', 'a1000001-0000-4000-8000-000000000003', 'b2000001-0000-4000-8000-000000000001', 'VIARIO', 'Lixo em via publica', 'Entulho de obra obstruindo meia faixa.', 'BAIXA', 'RECEBIDO', -16.4544000, -39.0710000, 'Avenida Beira Mar, 4, Cambolo', 'Cambolo', false, false, NOW() - INTERVAL '39 days' - INTERVAL '2 hours', NULL);
INSERT INTO tb_ocorrencia (id, protocolo, usuario_id, orgao_id, categoria, subcategoria, descricao, urgencia, status, latitude, longitude, endereco_aproximado, bairro, risco_acidente, recorrente, criado_em, resolvido_em) VALUES ('c3000001-0000-4000-8000-000000000004', 'ZUR-2026-0004', 'a1000001-0000-4000-8000-000000000004', 'b2000001-0000-4000-8000-000000000001', 'VIARIO', 'Buraco na via', 'Cratera apos chuva forte na esquina.', 'ALTA', 'EM_ANALISE', -16.4269000, -39.0535000, 'Rua das Palmeiras, 5, Fontana', 'Fontana', true, true, NOW() - INTERVAL '56 days' - INTERVAL '3 hours', NULL);
INSERT INTO tb_ocorrencia (id, protocolo, usuario_id, orgao_id, categoria, subcategoria, descricao, urgencia, status, latitude, longitude, endereco_aproximado, bairro, risco_acidente, recorrente, criado_em, resolvido_em) VALUES ('c3000001-0000-4000-8000-000000000005', 'ZUR-2026-0005', 'a1000001-0000-4000-8000-000000000005', 'b2000001-0000-4000-8000-000000000001', 'VIARIO', 'Pavimento afundado', 'Asfalto cedendo perto de bueiro.', 'MEDIA', 'CONCLUIDO', -16.4584000, -39.0761000, 'Travessa dos Pescadores, 6, Barrancos', 'Barrancos', true, false, NOW() - INTERVAL '73 days' - INTERVAL '4 hours', NOW() - INTERVAL '73 days' - INTERVAL '4 hours' + INTERVAL '24 days');
INSERT INTO tb_ocorrencia (id, protocolo, usuario_id, orgao_id, categoria, subcategoria, descricao, urgencia, status, latitude, longitude, endereco_aproximado, bairro, risco_acidente, recorrente, criado_em, resolvido_em) VALUES ('c3000001-0000-4000-8000-000000000006', 'ZUR-2026-0006', 'a1000001-0000-4000-8000-000000000006', 'b2000001-0000-4000-8000-000000000001', 'VIARIO', 'Buraco na via', 'Buraco pequeno mas crescendo, risco a ciclistas.', 'MEDIA', 'RECEBIDO', -16.4498000, -39.0477000, 'Avenida Portugal, 7, Taperapua', 'Taperapua', true, false, NOW() - INTERVAL '5 days' - INTERVAL '5 hours', NULL);
INSERT INTO tb_ocorrencia (id, protocolo, usuario_id, orgao_id, categoria, subcategoria, descricao, urgencia, status, latitude, longitude, endereco_aproximado, bairro, risco_acidente, recorrente, criado_em, resolvido_em) VALUES ('c3000001-0000-4000-8000-000000000007', 'ZUR-2026-0007', 'a1000001-0000-4000-8000-000000000007', NULL, 'VIARIO', 'Calcada quebrada', 'Blocos soltos, idosos tropecam diariamente.', 'BAIXA', 'CANCELADO', -16.4529000, -39.0778000, 'Rua do Porto, 8, Baixo Mundai', 'Baixo Mundai', false, true, NOW() - INTERVAL '22 days' - INTERVAL '6 hours', NULL);
INSERT INTO tb_ocorrencia (id, protocolo, usuario_id, orgao_id, categoria, subcategoria, descricao, urgencia, status, latitude, longitude, endereco_aproximado, bairro, risco_acidente, recorrente, criado_em, resolvido_em) VALUES ('c3000001-0000-4000-8000-000000000008', 'ZUR-2026-0008', 'a1000001-0000-4000-8000-000000000008', 'b2000001-0000-4000-8000-000000000001', 'VIARIO', 'Lixo em via publica', 'Galhos e lixo apos poda de arvore.', 'BAIXA', 'CONCLUIDO', -16.4485000, -39.0881000, 'Rua Monte Pascoal, 9, Alto Mundai', 'Alto Mundai', false, false, NOW() - INTERVAL '39 days' - INTERVAL '7 hours', NOW() - INTERVAL '39 days' - INTERVAL '7 hours' + INTERVAL '13 days');
INSERT INTO tb_ocorrencia (id, protocolo, usuario_id, orgao_id, categoria, subcategoria, descricao, urgencia, status, latitude, longitude, endereco_aproximado, bairro, risco_acidente, recorrente, criado_em, resolvido_em) VALUES ('c3000001-0000-4000-8000-000000000009', 'ZUR-2026-0009', 'a1000001-0000-4000-8000-000000000009', 'b2000001-0000-4000-8000-000000000001', 'VIARIO', 'Buraco na via', 'Buraco em cruzamento sem sinalizacao.', 'ALTA', 'ENCAMINHADO_EMERGENCIA', -16.4376000, -39.0737000, 'Largo do Pelourinho, 10, Cidade Baiana', 'Cidade Baiana', true, false, NOW() - INTERVAL '56 days' - INTERVAL '8 hours', NULL);
INSERT INTO tb_ocorrencia (id, protocolo, usuario_id, orgao_id, categoria, subcategoria, descricao, urgencia, status, latitude, longitude, endereco_aproximado, bairro, risco_acidente, recorrente, criado_em, resolvido_em) VALUES ('c3000001-0000-4000-8000-000000000010', 'ZUR-2026-0010', 'a1000001-0000-4000-8000-000000000010', 'b2000001-0000-4000-8000-000000000001', 'VIARIO', 'Pavimento afundado', 'Trecho da via com afundamento leve.', 'MEDIA', 'EM_ANALISE', -16.4657000, -39.0910000, 'Estrada do Arraial, 11, Pequi', 'Pequi', false, true, NOW() - INTERVAL '73 days' - INTERVAL '9 hours', NULL);
INSERT INTO tb_ocorrencia (id, protocolo, usuario_id, orgao_id, categoria, subcategoria, descricao, urgencia, status, latitude, longitude, endereco_aproximado, bairro, risco_acidente, recorrente, criado_em, resolvido_em) VALUES ('c3000001-0000-4000-8000-000000000011', 'ZUR-2026-0011', 'a1000001-0000-4000-8000-000000000011', 'b2000001-0000-4000-8000-000000000002', 'ILUMINACAO', 'Poste apagado', 'Poste sem iluminacao ha tres noites.', 'MEDIA', 'RECEBIDO', -16.4288000, -39.0472000, 'Rua das Flores, 12, Village', 'Village', false, false, NOW() - INTERVAL '5 days' - INTERVAL '10 hours', NULL);
INSERT INTO tb_ocorrencia (id, protocolo, usuario_id, orgao_id, categoria, subcategoria, descricao, urgencia, status, latitude, longitude, endereco_aproximado, bairro, risco_acidente, recorrente, criado_em, resolvido_em) VALUES ('c3000001-0000-4000-8000-000000000012', 'ZUR-2026-0012', 'a1000001-0000-4000-8000-000000000012', 'b2000001-0000-4000-8000-000000000002', 'ILUMINACAO', 'Lampada piscando', 'Luz piscando, incomoda moradores.', 'BAIXA', 'EM_ANALISE', -16.4343000, -39.0618000, 'Rua Tabapiri, 13, Tabapiri', 'Tabapiri', false, true, NOW() - INTERVAL '22 days' - INTERVAL '11 hours', NULL);
INSERT INTO tb_ocorrencia (id, protocolo, usuario_id, orgao_id, categoria, subcategoria, descricao, urgencia, status, latitude, longitude, endereco_aproximado, bairro, risco_acidente, recorrente, criado_em, resolvido_em) VALUES ('c3000001-0000-4000-8000-000000000013', 'ZUR-2026-0013', 'a1000001-0000-4000-8000-000000000001', 'b2000001-0000-4000-8000-000000000002', 'ILUMINACAO', 'Poste apagado', 'Trecho escuro proximo a praia.', 'ALTA', 'EM_ANDAMENTO', -16.4452000, -39.0723000, 'Avenida Vera Cruz, 14, Vera Cruz', 'Vera Cruz', true, false, NOW() - INTERVAL '39 days' - INTERVAL '0 hours', NULL);
INSERT INTO tb_ocorrencia (id, protocolo, usuario_id, orgao_id, categoria, subcategoria, descricao, urgencia, status, latitude, longitude, endereco_aproximado, bairro, risco_acidente, recorrente, criado_em, resolvido_em) VALUES ('c3000001-0000-4000-8000-000000000014', 'ZUR-2026-0014', 'a1000001-0000-4000-8000-000000000002', 'b2000001-0000-4000-8000-000000000002', 'ILUMINACAO', 'Poste danificado', 'Poste inclinado apos vento forte.', 'ALTA', 'CONCLUIDO', -16.4302000, -39.0649000, 'Aldeia Pataxo, 15, Paraiso dos Pataxos', 'Paraiso dos Pataxos', true, false, NOW() - INTERVAL '56 days' - INTERVAL '1 hours', NOW() - INTERVAL '56 days' - INTERVAL '1 hours' + INTERVAL '18 days');
INSERT INTO tb_ocorrencia (id, protocolo, usuario_id, orgao_id, categoria, subcategoria, descricao, urgencia, status, latitude, longitude, endereco_aproximado, bairro, risco_acidente, recorrente, criado_em, resolvido_em) VALUES ('c3000001-0000-4000-8000-000000000015', 'ZUR-2026-0015', 'a1000001-0000-4000-8000-000000000003', 'b2000001-0000-4000-8000-000000000002', 'ILUMINACAO', 'Lampada piscando', 'Falha intermitente em avenida principal.', 'MEDIA', 'CONCLUIDO', -16.4400000, -39.0635000, 'Rua Outeiro da Gloria, 16, Outeiro da Gloria', 'Outeiro da Gloria', false, false, NOW() - INTERVAL '73 days' - INTERVAL '2 hours', NOW() - INTERVAL '73 days' - INTERVAL '2 hours' + INTERVAL '24 days');
INSERT INTO tb_ocorrencia (id, protocolo, usuario_id, orgao_id, categoria, subcategoria, descricao, urgencia, status, latitude, longitude, endereco_aproximado, bairro, risco_acidente, recorrente, criado_em, resolvido_em) VALUES ('c3000001-0000-4000-8000-000000000016', 'ZUR-2026-0016', 'a1000001-0000-4000-8000-000000000004', 'b2000001-0000-4000-8000-000000000002', 'ILUMINACAO', 'Poste apagado', 'Iluminacao falha em beco de acesso.', 'MEDIA', 'RECEBIDO', -16.4538583, -39.0651655, 'Alameda dos Coqueiros, 17, Centro', 'Centro', false, true, NOW() - INTERVAL '5 days' - INTERVAL '3 hours', NULL);
INSERT INTO tb_ocorrencia (id, protocolo, usuario_id, orgao_id, categoria, subcategoria, descricao, urgencia, status, latitude, longitude, endereco_aproximado, bairro, risco_acidente, recorrente, criado_em, resolvido_em) VALUES ('c3000001-0000-4000-8000-000000000017', 'ZUR-2026-0017', 'a1000001-0000-4000-8000-000000000005', 'b2000001-0000-4000-8000-000000000002', 'ILUMINACAO', 'Poste apagado', 'Area sem luz, relatos de assaltos.', 'ALTA', 'ENCAMINHADO_EMERGENCIA', -16.4370000, -39.0582000, 'Rua da Paz, 18, Tancredo Neves', 'Tancredo Neves', true, true, NOW() - INTERVAL '22 days' - INTERVAL '4 hours', NULL);
INSERT INTO tb_ocorrencia (id, protocolo, usuario_id, orgao_id, categoria, subcategoria, descricao, urgencia, status, latitude, longitude, endereco_aproximado, bairro, risco_acidente, recorrente, criado_em, resolvido_em) VALUES ('c3000001-0000-4000-8000-000000000018', 'ZUR-2026-0018', 'a1000001-0000-4000-8000-000000000006', NULL, 'ILUMINACAO', 'Lampada piscando', 'Lampada queimada parcialmente.', 'BAIXA', 'CANCELADO', -16.4544000, -39.0699000, 'Avenida Beira Mar, 19, Cambolo', 'Cambolo', false, false, NOW() - INTERVAL '39 days' - INTERVAL '5 hours', NULL);
INSERT INTO tb_ocorrencia (id, protocolo, usuario_id, orgao_id, categoria, subcategoria, descricao, urgencia, status, latitude, longitude, endereco_aproximado, bairro, risco_acidente, recorrente, criado_em, resolvido_em) VALUES ('c3000001-0000-4000-8000-000000000019', 'ZUR-2026-0019', 'a1000001-0000-4000-8000-000000000007', 'b2000001-0000-4000-8000-000000000002', 'ILUMINACAO', 'Poste apagado', 'Poste apagado em frente a UBS.', 'MEDIA', 'CONCLUIDO', -16.4269000, -39.0524000, 'Rua das Palmeiras, 20, Fontana', 'Fontana', false, false, NOW() - INTERVAL '56 days' - INTERVAL '6 hours', NOW() - INTERVAL '56 days' - INTERVAL '6 hours' + INTERVAL '18 days');
INSERT INTO tb_ocorrencia (id, protocolo, usuario_id, orgao_id, categoria, subcategoria, descricao, urgencia, status, latitude, longitude, endereco_aproximado, bairro, risco_acidente, recorrente, criado_em, resolvido_em) VALUES ('c3000001-0000-4000-8000-000000000020', 'ZUR-2026-0020', 'a1000001-0000-4000-8000-000000000008', 'b2000001-0000-4000-8000-000000000002', 'ILUMINACAO', 'Poste danificado', 'Fios expostos no poste.', 'ALTA', 'EM_ANALISE', -16.4584000, -39.0750000, 'Travessa dos Pescadores, 21, Barrancos', 'Barrancos', true, false, NOW() - INTERVAL '73 days' - INTERVAL '7 hours', NULL);
INSERT INTO tb_ocorrencia (id, protocolo, usuario_id, orgao_id, categoria, subcategoria, descricao, urgencia, status, latitude, longitude, endereco_aproximado, bairro, risco_acidente, recorrente, criado_em, resolvido_em) VALUES ('c3000001-0000-4000-8000-000000000021', 'ZUR-2026-0021', 'a1000001-0000-4000-8000-000000000009', 'b2000001-0000-4000-8000-000000000003', 'SANEAMENTO', 'Vazamento de agua', 'Vazamento na calcada, agua correndo.', 'MEDIA', 'EM_ANDAMENTO', -16.4498000, -39.0466000, 'Avenida Portugal, 22, Taperapua', 'Taperapua', false, true, NOW() - INTERVAL '5 days' - INTERVAL '8 hours', NULL);
INSERT INTO tb_ocorrencia (id, protocolo, usuario_id, orgao_id, categoria, subcategoria, descricao, urgencia, status, latitude, longitude, endereco_aproximado, bairro, risco_acidente, recorrente, criado_em, resolvido_em) VALUES ('c3000001-0000-4000-8000-000000000022', 'ZUR-2026-0022', 'a1000001-0000-4000-8000-000000000010', 'b2000001-0000-4000-8000-000000000003', 'SANEAMENTO', 'Esgoto a ceu aberto', 'Mau cheiro e agua servida na rua.', 'ALTA', 'EM_ANALISE', -16.4529000, -39.0844000, 'Rua do Porto, 23, Baixo Mundai', 'Baixo Mundai', true, true, NOW() - INTERVAL '22 days' - INTERVAL '9 hours', NULL);
INSERT INTO tb_ocorrencia (id, protocolo, usuario_id, orgao_id, categoria, subcategoria, descricao, urgencia, status, latitude, longitude, endereco_aproximado, bairro, risco_acidente, recorrente, criado_em, resolvido_em) VALUES ('c3000001-0000-4000-8000-000000000023', 'ZUR-2026-0023', 'a1000001-0000-4000-8000-000000000011', 'b2000001-0000-4000-8000-000000000003', 'SANEAMENTO', 'Vazamento de agua', 'Cano rompido, desperdicio de agua.', 'MEDIA', 'CONCLUIDO', -16.4485000, -39.0870000, 'Rua Monte Pascoal, 24, Alto Mundai', 'Alto Mundai', false, false, NOW() - INTERVAL '39 days' - INTERVAL '10 hours', NOW() - INTERVAL '39 days' - INTERVAL '10 hours' + INTERVAL '13 days');
INSERT INTO tb_ocorrencia (id, protocolo, usuario_id, orgao_id, categoria, subcategoria, descricao, urgencia, status, latitude, longitude, endereco_aproximado, bairro, risco_acidente, recorrente, criado_em, resolvido_em) VALUES ('c3000001-0000-4000-8000-000000000024', 'ZUR-2026-0024', 'a1000001-0000-4000-8000-000000000012', 'b2000001-0000-4000-8000-000000000003', 'SANEAMENTO', 'Bueiro entupido', 'Alagamento quando chove forte.', 'ALTA', 'RECEBIDO', -16.4376000, -39.0726000, 'Largo do Pelourinho, 25, Cidade Baiana', 'Cidade Baiana', true, true, NOW() - INTERVAL '56 days' - INTERVAL '11 hours', NULL);
INSERT INTO tb_ocorrencia (id, protocolo, usuario_id, orgao_id, categoria, subcategoria, descricao, urgencia, status, latitude, longitude, endereco_aproximado, bairro, risco_acidente, recorrente, criado_em, resolvido_em) VALUES ('c3000001-0000-4000-8000-000000000025', 'ZUR-2026-0025', 'a1000001-0000-4000-8000-000000000001', 'b2000001-0000-4000-8000-000000000003', 'SANEAMENTO', 'Vazamento de agua', 'Infiltracao proximo a rede de agua.', 'BAIXA', 'CONCLUIDO', -16.4657000, -39.0899000, 'Estrada do Arraial, 26, Pequi', 'Pequi', false, false, NOW() - INTERVAL '73 days' - INTERVAL '0 hours', NOW() - INTERVAL '73 days' - INTERVAL '0 hours' + INTERVAL '24 days');
INSERT INTO tb_ocorrencia (id, protocolo, usuario_id, orgao_id, categoria, subcategoria, descricao, urgencia, status, latitude, longitude, endereco_aproximado, bairro, risco_acidente, recorrente, criado_em, resolvido_em) VALUES ('c3000001-0000-4000-8000-000000000026', 'ZUR-2026-0026', 'a1000001-0000-4000-8000-000000000002', 'b2000001-0000-4000-8000-000000000003', 'SANEAMENTO', 'Esgoto a ceu aberto', 'Esgoto transbordando em via residencial.', 'ALTA', 'ENCAMINHADO_EMERGENCIA', -16.4288000, -39.0461000, 'Rua das Flores, 27, Village', 'Village', true, false, NOW() - INTERVAL '5 days' - INTERVAL '1 hours', NULL);
INSERT INTO tb_ocorrencia (id, protocolo, usuario_id, orgao_id, categoria, subcategoria, descricao, urgencia, status, latitude, longitude, endereco_aproximado, bairro, risco_acidente, recorrente, criado_em, resolvido_em) VALUES ('c3000001-0000-4000-8000-000000000027', 'ZUR-2026-0027', 'a1000001-0000-4000-8000-000000000003', 'b2000001-0000-4000-8000-000000000003', 'SANEAMENTO', 'Vazamento de agua', 'Vazamento pequeno mas constante.', 'BAIXA', 'RECEBIDO', -16.4343000, -39.0607000, 'Rua Tabapiri, 28, Tabapiri', 'Tabapiri', false, true, NOW() - INTERVAL '22 days' - INTERVAL '2 hours', NULL);
INSERT INTO tb_ocorrencia (id, protocolo, usuario_id, orgao_id, categoria, subcategoria, descricao, urgencia, status, latitude, longitude, endereco_aproximado, bairro, risco_acidente, recorrente, criado_em, resolvido_em) VALUES ('c3000001-0000-4000-8000-000000000028', 'ZUR-2026-0028', 'a1000001-0000-4000-8000-000000000004', 'b2000001-0000-4000-8000-000000000003', 'SANEAMENTO', 'Bueiro entupido', 'Bueiro sem tampa, risco a pedestres.', 'ALTA', 'EM_ANDAMENTO', -16.4452000, -39.0712000, 'Avenida Vera Cruz, 29, Vera Cruz', 'Vera Cruz', true, false, NOW() - INTERVAL '39 days' - INTERVAL '3 hours', NULL);
INSERT INTO tb_ocorrencia (id, protocolo, usuario_id, orgao_id, categoria, subcategoria, descricao, urgencia, status, latitude, longitude, endereco_aproximado, bairro, risco_acidente, recorrente, criado_em, resolvido_em) VALUES ('c3000001-0000-4000-8000-000000000029', 'ZUR-2026-0029', 'a1000001-0000-4000-8000-000000000005', NULL, 'SANEAMENTO', 'Esgoto a ceu aberto', 'Problema recorrente no mesmo ponto.', 'MEDIA', 'CONCLUIDO', -16.4302000, -39.0715000, 'Aldeia Pataxo, 30, Paraiso dos Pataxos', 'Paraiso dos Pataxos', false, true, NOW() - INTERVAL '56 days' - INTERVAL '4 hours', NOW() - INTERVAL '56 days' - INTERVAL '4 hours' + INTERVAL '18 days');
INSERT INTO tb_ocorrencia (id, protocolo, usuario_id, orgao_id, categoria, subcategoria, descricao, urgencia, status, latitude, longitude, endereco_aproximado, bairro, risco_acidente, recorrente, criado_em, resolvido_em) VALUES ('c3000001-0000-4000-8000-000000000030', 'ZUR-2026-0030', 'a1000001-0000-4000-8000-000000000006', 'b2000001-0000-4000-8000-000000000003', 'SANEAMENTO', 'Vazamento de agua', 'Agua jorrando de hidrometro.', 'MEDIA', 'EM_ANALISE', -16.4400000, -39.0624000, 'Rua Outeiro da Gloria, 31, Outeiro da Gloria', 'Outeiro da Gloria', false, false, NOW() - INTERVAL '73 days' - INTERVAL '5 hours', NULL);
INSERT INTO tb_ocorrencia (id, protocolo, usuario_id, orgao_id, categoria, subcategoria, descricao, urgencia, status, latitude, longitude, endereco_aproximado, bairro, risco_acidente, recorrente, criado_em, resolvido_em) VALUES ('c3000001-0000-4000-8000-000000000031', 'ZUR-2026-0031', 'a1000001-0000-4000-8000-000000000007', 'b2000001-0000-4000-8000-000000000001', 'TRANSITO', 'Semaforo defeituoso', 'Semaforo apagado em cruzamento movimentado.', 'ALTA', 'EM_ANDAMENTO', -16.4538583, -39.0640655, 'Alameda dos Coqueiros, 32, Centro', 'Centro', true, false, NOW() - INTERVAL '5 days' - INTERVAL '6 hours', NULL);
INSERT INTO tb_ocorrencia (id, protocolo, usuario_id, orgao_id, categoria, subcategoria, descricao, urgencia, status, latitude, longitude, endereco_aproximado, bairro, risco_acidente, recorrente, criado_em, resolvido_em) VALUES ('c3000001-0000-4000-8000-000000000032', 'ZUR-2026-0032', 'a1000001-0000-4000-8000-000000000008', 'b2000001-0000-4000-8000-000000000001', 'TRANSITO', 'Sinalizacao apagada', 'Placa de pare sumiu apos acidente.', 'ALTA', 'RECEBIDO', -16.4370000, -39.0571000, 'Rua da Paz, 33, Tancredo Neves', 'Tancredo Neves', true, false, NOW() - INTERVAL '22 days' - INTERVAL '7 hours', NULL);
INSERT INTO tb_ocorrencia (id, protocolo, usuario_id, orgao_id, categoria, subcategoria, descricao, urgencia, status, latitude, longitude, endereco_aproximado, bairro, risco_acidente, recorrente, criado_em, resolvido_em) VALUES ('c3000001-0000-4000-8000-000000000033', 'ZUR-2026-0033', 'a1000001-0000-4000-8000-000000000009', 'b2000001-0000-4000-8000-000000000001', 'TRANSITO', 'Semaforo defeituoso', 'Tempo verde muito curto, filas enormes.', 'MEDIA', 'CONCLUIDO', -16.4544000, -39.0688000, 'Avenida Beira Mar, 34, Cambolo', 'Cambolo', false, false, NOW() - INTERVAL '39 days' - INTERVAL '8 hours', NOW() - INTERVAL '39 days' - INTERVAL '8 hours' + INTERVAL '13 days');
INSERT INTO tb_ocorrencia (id, protocolo, usuario_id, orgao_id, categoria, subcategoria, descricao, urgencia, status, latitude, longitude, endereco_aproximado, bairro, risco_acidente, recorrente, criado_em, resolvido_em) VALUES ('c3000001-0000-4000-8000-000000000034', 'ZUR-2026-0034', 'a1000001-0000-4000-8000-000000000010', 'b2000001-0000-4000-8000-000000000001', 'TRANSITO', 'Faixa de pedestre apagada', 'Faixa invisivel, pedestres em risco.', 'MEDIA', 'EM_ANALISE', -16.4269000, -39.0513000, 'Rua das Palmeiras, 35, Fontana', 'Fontana', true, true, NOW() - INTERVAL '56 days' - INTERVAL '9 hours', NULL);
INSERT INTO tb_ocorrencia (id, protocolo, usuario_id, orgao_id, categoria, subcategoria, descricao, urgencia, status, latitude, longitude, endereco_aproximado, bairro, risco_acidente, recorrente, criado_em, resolvido_em) VALUES ('c3000001-0000-4000-8000-000000000035', 'ZUR-2026-0035', 'a1000001-0000-4000-8000-000000000011', 'b2000001-0000-4000-8000-000000000001', 'TRANSITO', 'Sinalizacao apagada', 'Sinal de limite de velocidade danificado.', 'BAIXA', 'CONCLUIDO', -16.4584000, -39.0739000, 'Travessa dos Pescadores, 36, Barrancos', 'Barrancos', false, false, NOW() - INTERVAL '73 days' - INTERVAL '10 hours', NOW() - INTERVAL '73 days' - INTERVAL '10 hours' + INTERVAL '24 days');
INSERT INTO tb_ocorrencia (id, protocolo, usuario_id, orgao_id, categoria, subcategoria, descricao, urgencia, status, latitude, longitude, endereco_aproximado, bairro, risco_acidente, recorrente, criado_em, resolvido_em) VALUES ('c3000001-0000-4000-8000-000000000036', 'ZUR-2026-0036', 'a1000001-0000-4000-8000-000000000012', 'b2000001-0000-4000-8000-000000000001', 'TRANSITO', 'Semaforo defeituoso', 'Semaforo piscando amarelo ha dias.', 'MEDIA', 'RECEBIDO', -16.4498000, -39.0532000, 'Avenida Portugal, 37, Taperapua', 'Taperapua', false, true, NOW() - INTERVAL '5 days' - INTERVAL '11 hours', NULL);
INSERT INTO tb_ocorrencia (id, protocolo, usuario_id, orgao_id, categoria, subcategoria, descricao, urgencia, status, latitude, longitude, endereco_aproximado, bairro, risco_acidente, recorrente, criado_em, resolvido_em) VALUES ('c3000001-0000-4000-8000-000000000037', 'ZUR-2026-0037', 'a1000001-0000-4000-8000-000000000001', 'b2000001-0000-4000-8000-000000000005', 'TRANSITO', 'Acidente na via', 'Colisao leve, necessidade de apoio.', 'ALTA', 'ENCAMINHADO_EMERGENCIA', -16.4529000, -39.0833000, 'Rua do Porto, 38, Baixo Mundai', 'Baixo Mundai', true, false, NOW() - INTERVAL '22 days' - INTERVAL '0 hours', NULL);
INSERT INTO tb_ocorrencia (id, protocolo, usuario_id, orgao_id, categoria, subcategoria, descricao, urgencia, status, latitude, longitude, endereco_aproximado, bairro, risco_acidente, recorrente, criado_em, resolvido_em) VALUES ('c3000001-0000-4000-8000-000000000038', 'ZUR-2026-0038', 'a1000001-0000-4000-8000-000000000002', 'b2000001-0000-4000-8000-000000000001', 'TRANSITO', 'Faixa de pedestre apagada', 'Repintura necessaria em avenida.', 'BAIXA', 'CANCELADO', -16.4485000, -39.0859000, 'Rua Monte Pascoal, 39, Alto Mundai', 'Alto Mundai', false, false, NOW() - INTERVAL '39 days' - INTERVAL '1 hours', NULL);
INSERT INTO tb_ocorrencia (id, protocolo, usuario_id, orgao_id, categoria, subcategoria, descricao, urgencia, status, latitude, longitude, endereco_aproximado, bairro, risco_acidente, recorrente, criado_em, resolvido_em) VALUES ('c3000001-0000-4000-8000-000000000039', 'ZUR-2026-0039', 'a1000001-0000-4000-8000-000000000003', 'b2000001-0000-4000-8000-000000000004', 'LIMPEZA', 'Entulho abandonado', 'Entulho de construcao na calcada.', 'MEDIA', 'RECEBIDO', -16.4376000, -39.0715000, 'Largo do Pelourinho, 40, Cidade Baiana', 'Cidade Baiana', false, false, NOW() - INTERVAL '56 days' - INTERVAL '2 hours', NULL);
INSERT INTO tb_ocorrencia (id, protocolo, usuario_id, orgao_id, categoria, subcategoria, descricao, urgencia, status, latitude, longitude, endereco_aproximado, bairro, risco_acidente, recorrente, criado_em, resolvido_em) VALUES ('c3000001-0000-4000-8000-000000000040', 'ZUR-2026-0040', 'a1000001-0000-4000-8000-000000000004', NULL, 'LIMPEZA', 'Mato alto em praca', 'Praca com vegetacao alta, foco de dengue.', 'MEDIA', 'EM_ANALISE', -16.4657000, -39.0888000, 'Estrada do Arraial, 41, Pequi', 'Pequi', false, true, NOW() - INTERVAL '73 days' - INTERVAL '3 hours', NULL);
INSERT INTO tb_ocorrencia (id, protocolo, usuario_id, orgao_id, categoria, subcategoria, descricao, urgencia, status, latitude, longitude, endereco_aproximado, bairro, risco_acidente, recorrente, criado_em, resolvido_em) VALUES ('c3000001-0000-4000-8000-000000000041', 'ZUR-2026-0041', 'a1000001-0000-4000-8000-000000000005', 'b2000001-0000-4000-8000-000000000004', 'LIMPEZA', 'Lixo acumulado', 'Lixo domestico acumulado em terreno baldio.', 'ALTA', 'EM_ANDAMENTO', -16.4288000, -39.0450000, 'Rua das Flores, 42, Village', 'Village', true, true, NOW() - INTERVAL '5 days' - INTERVAL '4 hours', NULL);
INSERT INTO tb_ocorrencia (id, protocolo, usuario_id, orgao_id, categoria, subcategoria, descricao, urgencia, status, latitude, longitude, endereco_aproximado, bairro, risco_acidente, recorrente, criado_em, resolvido_em) VALUES ('c3000001-0000-4000-8000-000000000042', 'ZUR-2026-0042', 'a1000001-0000-4000-8000-000000000006', 'b2000001-0000-4000-8000-000000000004', 'LIMPEZA', 'Entulho abandonado', 'Materiais obstruindo passeio publico.', 'BAIXA', 'CONCLUIDO', -16.4343000, -39.0596000, 'Rua Tabapiri, 43, Tabapiri', 'Tabapiri', false, false, NOW() - INTERVAL '22 days' - INTERVAL '5 hours', NOW() - INTERVAL '22 days' - INTERVAL '5 hours' + INTERVAL '7 days');
INSERT INTO tb_ocorrencia (id, protocolo, usuario_id, orgao_id, categoria, subcategoria, descricao, urgencia, status, latitude, longitude, endereco_aproximado, bairro, risco_acidente, recorrente, criado_em, resolvido_em) VALUES ('c3000001-0000-4000-8000-000000000043', 'ZUR-2026-0043', 'a1000001-0000-4000-8000-000000000007', 'b2000001-0000-4000-8000-000000000004', 'LIMPEZA', 'Mato alto em praca', 'Capina necessaria em area de lazer.', 'BAIXA', 'CONCLUIDO', -16.4452000, -39.0778000, 'Avenida Vera Cruz, 44, Vera Cruz', 'Vera Cruz', false, false, NOW() - INTERVAL '39 days' - INTERVAL '6 hours', NOW() - INTERVAL '39 days' - INTERVAL '6 hours' + INTERVAL '13 days');
INSERT INTO tb_ocorrencia (id, protocolo, usuario_id, orgao_id, categoria, subcategoria, descricao, urgencia, status, latitude, longitude, endereco_aproximado, bairro, risco_acidente, recorrente, criado_em, resolvido_em) VALUES ('c3000001-0000-4000-8000-000000000044', 'ZUR-2026-0044', 'a1000001-0000-4000-8000-000000000008', 'b2000001-0000-4000-8000-000000000004', 'LIMPEZA', 'Lixo acumulado', 'Coleta irregular, mau cheiro forte.', 'MEDIA', 'RECEBIDO', -16.4302000, -39.0704000, 'Aldeia Pataxo, 45, Paraiso dos Pataxos', 'Paraiso dos Pataxos', false, true, NOW() - INTERVAL '56 days' - INTERVAL '7 hours', NULL);
INSERT INTO tb_ocorrencia (id, protocolo, usuario_id, orgao_id, categoria, subcategoria, descricao, urgencia, status, latitude, longitude, endereco_aproximado, bairro, risco_acidente, recorrente, criado_em, resolvido_em) VALUES ('c3000001-0000-4000-8000-000000000045', 'ZUR-2026-0045', 'a1000001-0000-4000-8000-000000000009', 'b2000001-0000-4000-8000-000000000004', 'LIMPEZA', 'Entulho abandonado', 'Entulho proximo a creche.', 'ALTA', 'ENCAMINHADO_EMERGENCIA', -16.4400000, -39.0613000, 'Rua Outeiro da Gloria, 46, Outeiro da Gloria', 'Outeiro da Gloria', true, false, NOW() - INTERVAL '73 days' - INTERVAL '8 hours', NULL);
INSERT INTO tb_ocorrencia (id, protocolo, usuario_id, orgao_id, categoria, subcategoria, descricao, urgencia, status, latitude, longitude, endereco_aproximado, bairro, risco_acidente, recorrente, criado_em, resolvido_em) VALUES ('c3000001-0000-4000-8000-000000000046', 'ZUR-2026-0046', 'a1000001-0000-4000-8000-000000000010', NULL, 'LIMPEZA', 'Mato alto em praca', 'Grama alta em canteiro central.', 'BAIXA', 'EM_ANALISE', -16.4538583, -39.0629655, 'Alameda dos Coqueiros, 47, Centro', 'Centro', false, false, NOW() - INTERVAL '5 days' - INTERVAL '9 hours', NULL);
INSERT INTO tb_ocorrencia (id, protocolo, usuario_id, orgao_id, categoria, subcategoria, descricao, urgencia, status, latitude, longitude, endereco_aproximado, bairro, risco_acidente, recorrente, criado_em, resolvido_em) VALUES ('c3000001-0000-4000-8000-000000000047', 'ZUR-2026-0047', 'a1000001-0000-4000-8000-000000000011', 'b2000001-0000-4000-8000-000000000004', 'LIMPEZA', 'Lixo acumulado', 'Sacolas e restos de feira livre.', 'MEDIA', 'CONCLUIDO', -16.4370000, -39.0560000, 'Rua da Paz, 48, Tancredo Neves', 'Tancredo Neves', false, true, NOW() - INTERVAL '22 days' - INTERVAL '10 hours', NOW() - INTERVAL '22 days' - INTERVAL '10 hours' + INTERVAL '7 days');
INSERT INTO tb_ocorrencia (id, protocolo, usuario_id, orgao_id, categoria, subcategoria, descricao, urgencia, status, latitude, longitude, endereco_aproximado, bairro, risco_acidente, recorrente, criado_em, resolvido_em) VALUES ('c3000001-0000-4000-8000-000000000048', 'ZUR-2026-0048', 'a1000001-0000-4000-8000-000000000012', 'b2000001-0000-4000-8000-000000000004', 'LIMPEZA', 'Entulho abandonado', 'Restos de reforma na via.', 'MEDIA', 'CONCLUIDO', -16.4544000, -39.0677000, 'Avenida Beira Mar, 49, Cambolo', 'Cambolo', false, false, NOW() - INTERVAL '39 days' - INTERVAL '11 hours', NOW() - INTERVAL '39 days' - INTERVAL '11 hours' + INTERVAL '13 days');
INSERT INTO tb_ocorrencia (id, protocolo, usuario_id, orgao_id, categoria, subcategoria, descricao, urgencia, status, latitude, longitude, endereco_aproximado, bairro, risco_acidente, recorrente, criado_em, resolvido_em) VALUES ('c3000001-0000-4000-8000-000000000049', 'ZUR-2026-0049', 'a1000001-0000-4000-8000-000000000001', 'b2000001-0000-4000-8000-000000000004', 'LIMPEZA', 'Mato alto em praca', 'Mato encobrindo placa de sinalizacao.', 'MEDIA', 'RECEBIDO', -16.4269000, -39.0502000, 'Rua das Palmeiras, 50, Fontana', 'Fontana', false, false, NOW() - INTERVAL '56 days' - INTERVAL '0 hours', NULL);
INSERT INTO tb_ocorrencia (id, protocolo, usuario_id, orgao_id, categoria, subcategoria, descricao, urgencia, status, latitude, longitude, endereco_aproximado, bairro, risco_acidente, recorrente, criado_em, resolvido_em) VALUES ('c3000001-0000-4000-8000-000000000050', 'ZUR-2026-0050', 'a1000001-0000-4000-8000-000000000002', 'b2000001-0000-4000-8000-000000000004', 'LIMPEZA', 'Lixo acumulado', 'Lixo perto de ponto de onibus.', 'ALTA', 'EM_ANDAMENTO', -16.4584000, -39.0805000, 'Travessa dos Pescadores, 51, Barrancos', 'Barrancos', true, false, NOW() - INTERVAL '73 days' - INTERVAL '1 hours', NULL);

-- ========== HISTORICO DE STATUS ==========
INSERT INTO tb_atualizacao_status (id, ocorrencia_id, status_anterior, status_novo, observacao, atualizado_em) VALUES ('d4000001-0000-4000-8000-000000000010', 'c3000001-0000-4000-8000-000000000001', 'RECEBIDO', 'RECEBIDO', 'Registro inicial', NOW() - INTERVAL '5 days' - INTERVAL '0 hours' + INTERVAL '0 hours');
INSERT INTO tb_atualizacao_status (id, ocorrencia_id, status_anterior, status_novo, observacao, atualizado_em) VALUES ('d4000001-0000-4000-8000-000000000011', 'c3000001-0000-4000-8000-000000000001', 'RECEBIDO', 'EM_ANALISE', 'Encaminhado ao orgao responsavel', NOW() - INTERVAL '5 days' - INTERVAL '0 hours' + INTERVAL '1 hours');
INSERT INTO tb_atualizacao_status (id, ocorrencia_id, status_anterior, status_novo, observacao, atualizado_em) VALUES ('d4000001-0000-4000-8000-000000000012', 'c3000001-0000-4000-8000-000000000001', 'EM_ANALISE', 'EM_ANDAMENTO', 'Equipe em campo', NOW() - INTERVAL '5 days' - INTERVAL '0 hours' + INTERVAL '2 hours');
INSERT INTO tb_atualizacao_status (id, ocorrencia_id, status_anterior, status_novo, observacao, atualizado_em) VALUES ('d4000001-0000-4000-8000-000000000020', 'c3000001-0000-4000-8000-000000000002', 'RECEBIDO', 'RECEBIDO', 'Registro inicial', NOW() - INTERVAL '22 days' - INTERVAL '1 hours' + INTERVAL '0 hours');
INSERT INTO tb_atualizacao_status (id, ocorrencia_id, status_anterior, status_novo, observacao, atualizado_em) VALUES ('d4000001-0000-4000-8000-000000000021', 'c3000001-0000-4000-8000-000000000002', 'RECEBIDO', 'EM_ANALISE', 'Triagem concluida', NOW() - INTERVAL '22 days' - INTERVAL '1 hours' + INTERVAL '1 hours');
INSERT INTO tb_atualizacao_status (id, ocorrencia_id, status_anterior, status_novo, observacao, atualizado_em) VALUES ('d4000001-0000-4000-8000-000000000022', 'c3000001-0000-4000-8000-000000000002', 'EM_ANALISE', 'EM_ANDAMENTO', 'Servico iniciado', NOW() - INTERVAL '22 days' - INTERVAL '1 hours' + INTERVAL '2 hours');
INSERT INTO tb_atualizacao_status (id, ocorrencia_id, status_anterior, status_novo, observacao, atualizado_em) VALUES ('d4000001-0000-4000-8000-000000000023', 'c3000001-0000-4000-8000-000000000002', 'EM_ANDAMENTO', 'CONCLUIDO', 'Problema resolvido', NOW() - INTERVAL '22 days' - INTERVAL '1 hours' + INTERVAL '3 hours');
INSERT INTO tb_atualizacao_status (id, ocorrencia_id, status_anterior, status_novo, observacao, atualizado_em) VALUES ('d4000001-0000-4000-8000-000000000030', 'c3000001-0000-4000-8000-000000000003', 'RECEBIDO', 'RECEBIDO', 'Registro inicial', NOW() - INTERVAL '39 days' - INTERVAL '2 hours' + INTERVAL '0 hours');
INSERT INTO tb_atualizacao_status (id, ocorrencia_id, status_anterior, status_novo, observacao, atualizado_em) VALUES ('d4000001-0000-4000-8000-000000000040', 'c3000001-0000-4000-8000-000000000004', 'RECEBIDO', 'RECEBIDO', 'Registro inicial', NOW() - INTERVAL '56 days' - INTERVAL '3 hours' + INTERVAL '0 hours');
INSERT INTO tb_atualizacao_status (id, ocorrencia_id, status_anterior, status_novo, observacao, atualizado_em) VALUES ('d4000001-0000-4000-8000-000000000041', 'c3000001-0000-4000-8000-000000000004', 'RECEBIDO', 'EM_ANALISE', 'Triagem automatica pela IA', NOW() - INTERVAL '56 days' - INTERVAL '3 hours' + INTERVAL '1 hours');
INSERT INTO tb_atualizacao_status (id, ocorrencia_id, status_anterior, status_novo, observacao, atualizado_em) VALUES ('d4000001-0000-4000-8000-000000000050', 'c3000001-0000-4000-8000-000000000005', 'RECEBIDO', 'RECEBIDO', 'Registro inicial', NOW() - INTERVAL '73 days' - INTERVAL '4 hours' + INTERVAL '0 hours');
INSERT INTO tb_atualizacao_status (id, ocorrencia_id, status_anterior, status_novo, observacao, atualizado_em) VALUES ('d4000001-0000-4000-8000-000000000051', 'c3000001-0000-4000-8000-000000000005', 'RECEBIDO', 'EM_ANALISE', 'Triagem concluida', NOW() - INTERVAL '73 days' - INTERVAL '4 hours' + INTERVAL '1 hours');
INSERT INTO tb_atualizacao_status (id, ocorrencia_id, status_anterior, status_novo, observacao, atualizado_em) VALUES ('d4000001-0000-4000-8000-000000000052', 'c3000001-0000-4000-8000-000000000005', 'EM_ANALISE', 'EM_ANDAMENTO', 'Servico iniciado', NOW() - INTERVAL '73 days' - INTERVAL '4 hours' + INTERVAL '2 hours');
INSERT INTO tb_atualizacao_status (id, ocorrencia_id, status_anterior, status_novo, observacao, atualizado_em) VALUES ('d4000001-0000-4000-8000-000000000053', 'c3000001-0000-4000-8000-000000000005', 'EM_ANDAMENTO', 'CONCLUIDO', 'Problema resolvido', NOW() - INTERVAL '73 days' - INTERVAL '4 hours' + INTERVAL '3 hours');
INSERT INTO tb_atualizacao_status (id, ocorrencia_id, status_anterior, status_novo, observacao, atualizado_em) VALUES ('d4000001-0000-4000-8000-000000000060', 'c3000001-0000-4000-8000-000000000006', 'RECEBIDO', 'RECEBIDO', 'Registro inicial', NOW() - INTERVAL '5 days' - INTERVAL '5 hours' + INTERVAL '0 hours');
INSERT INTO tb_atualizacao_status (id, ocorrencia_id, status_anterior, status_novo, observacao, atualizado_em) VALUES ('d4000001-0000-4000-8000-000000000070', 'c3000001-0000-4000-8000-000000000007', 'RECEBIDO', 'RECEBIDO', 'Registro inicial', NOW() - INTERVAL '22 days' - INTERVAL '6 hours' + INTERVAL '0 hours');
INSERT INTO tb_atualizacao_status (id, ocorrencia_id, status_anterior, status_novo, observacao, atualizado_em) VALUES ('d4000001-0000-4000-8000-000000000071', 'c3000001-0000-4000-8000-000000000007', 'RECEBIDO', 'CANCELADO', 'Chamado duplicado ou informacao insuficiente', NOW() - INTERVAL '22 days' - INTERVAL '6 hours' + INTERVAL '1 hours');
INSERT INTO tb_atualizacao_status (id, ocorrencia_id, status_anterior, status_novo, observacao, atualizado_em) VALUES ('d4000001-0000-4000-8000-000000000080', 'c3000001-0000-4000-8000-000000000008', 'RECEBIDO', 'RECEBIDO', 'Registro inicial', NOW() - INTERVAL '39 days' - INTERVAL '7 hours' + INTERVAL '0 hours');
INSERT INTO tb_atualizacao_status (id, ocorrencia_id, status_anterior, status_novo, observacao, atualizado_em) VALUES ('d4000001-0000-4000-8000-000000000081', 'c3000001-0000-4000-8000-000000000008', 'RECEBIDO', 'EM_ANALISE', 'Triagem concluida', NOW() - INTERVAL '39 days' - INTERVAL '7 hours' + INTERVAL '1 hours');
INSERT INTO tb_atualizacao_status (id, ocorrencia_id, status_anterior, status_novo, observacao, atualizado_em) VALUES ('d4000001-0000-4000-8000-000000000082', 'c3000001-0000-4000-8000-000000000008', 'EM_ANALISE', 'EM_ANDAMENTO', 'Servico iniciado', NOW() - INTERVAL '39 days' - INTERVAL '7 hours' + INTERVAL '2 hours');
INSERT INTO tb_atualizacao_status (id, ocorrencia_id, status_anterior, status_novo, observacao, atualizado_em) VALUES ('d4000001-0000-4000-8000-000000000083', 'c3000001-0000-4000-8000-000000000008', 'EM_ANDAMENTO', 'CONCLUIDO', 'Problema resolvido', NOW() - INTERVAL '39 days' - INTERVAL '7 hours' + INTERVAL '3 hours');
INSERT INTO tb_atualizacao_status (id, ocorrencia_id, status_anterior, status_novo, observacao, atualizado_em) VALUES ('d4000001-0000-4000-8000-000000000090', 'c3000001-0000-4000-8000-000000000009', 'RECEBIDO', 'RECEBIDO', 'Registro inicial', NOW() - INTERVAL '56 days' - INTERVAL '8 hours' + INTERVAL '0 hours');
INSERT INTO tb_atualizacao_status (id, ocorrencia_id, status_anterior, status_novo, observacao, atualizado_em) VALUES ('d4000001-0000-4000-8000-000000000091', 'c3000001-0000-4000-8000-000000000009', 'RECEBIDO', 'ENCAMINHADO_EMERGENCIA', 'Encaminhado SAMU/Bombeiros/Policia conforme urgencia', NOW() - INTERVAL '56 days' - INTERVAL '8 hours' + INTERVAL '1 hours');
INSERT INTO tb_atualizacao_status (id, ocorrencia_id, status_anterior, status_novo, observacao, atualizado_em) VALUES ('d4000001-0000-4000-8000-000000000100', 'c3000001-0000-4000-8000-000000000010', 'RECEBIDO', 'RECEBIDO', 'Registro inicial', NOW() - INTERVAL '73 days' - INTERVAL '9 hours' + INTERVAL '0 hours');
INSERT INTO tb_atualizacao_status (id, ocorrencia_id, status_anterior, status_novo, observacao, atualizado_em) VALUES ('d4000001-0000-4000-8000-000000000101', 'c3000001-0000-4000-8000-000000000010', 'RECEBIDO', 'EM_ANALISE', 'Triagem automatica pela IA', NOW() - INTERVAL '73 days' - INTERVAL '9 hours' + INTERVAL '1 hours');
INSERT INTO tb_atualizacao_status (id, ocorrencia_id, status_anterior, status_novo, observacao, atualizado_em) VALUES ('d4000001-0000-4000-8000-000000000110', 'c3000001-0000-4000-8000-000000000011', 'RECEBIDO', 'RECEBIDO', 'Registro inicial', NOW() - INTERVAL '5 days' - INTERVAL '10 hours' + INTERVAL '0 hours');
INSERT INTO tb_atualizacao_status (id, ocorrencia_id, status_anterior, status_novo, observacao, atualizado_em) VALUES ('d4000001-0000-4000-8000-000000000120', 'c3000001-0000-4000-8000-000000000012', 'RECEBIDO', 'RECEBIDO', 'Registro inicial', NOW() - INTERVAL '22 days' - INTERVAL '11 hours' + INTERVAL '0 hours');
INSERT INTO tb_atualizacao_status (id, ocorrencia_id, status_anterior, status_novo, observacao, atualizado_em) VALUES ('d4000001-0000-4000-8000-000000000121', 'c3000001-0000-4000-8000-000000000012', 'RECEBIDO', 'EM_ANALISE', 'Triagem automatica pela IA', NOW() - INTERVAL '22 days' - INTERVAL '11 hours' + INTERVAL '1 hours');
INSERT INTO tb_atualizacao_status (id, ocorrencia_id, status_anterior, status_novo, observacao, atualizado_em) VALUES ('d4000001-0000-4000-8000-000000000130', 'c3000001-0000-4000-8000-000000000013', 'RECEBIDO', 'RECEBIDO', 'Registro inicial', NOW() - INTERVAL '39 days' - INTERVAL '0 hours' + INTERVAL '0 hours');
INSERT INTO tb_atualizacao_status (id, ocorrencia_id, status_anterior, status_novo, observacao, atualizado_em) VALUES ('d4000001-0000-4000-8000-000000000131', 'c3000001-0000-4000-8000-000000000013', 'RECEBIDO', 'EM_ANALISE', 'Encaminhado ao orgao responsavel', NOW() - INTERVAL '39 days' - INTERVAL '0 hours' + INTERVAL '1 hours');
INSERT INTO tb_atualizacao_status (id, ocorrencia_id, status_anterior, status_novo, observacao, atualizado_em) VALUES ('d4000001-0000-4000-8000-000000000132', 'c3000001-0000-4000-8000-000000000013', 'EM_ANALISE', 'EM_ANDAMENTO', 'Equipe em campo', NOW() - INTERVAL '39 days' - INTERVAL '0 hours' + INTERVAL '2 hours');
INSERT INTO tb_atualizacao_status (id, ocorrencia_id, status_anterior, status_novo, observacao, atualizado_em) VALUES ('d4000001-0000-4000-8000-000000000140', 'c3000001-0000-4000-8000-000000000014', 'RECEBIDO', 'RECEBIDO', 'Registro inicial', NOW() - INTERVAL '56 days' - INTERVAL '1 hours' + INTERVAL '0 hours');
INSERT INTO tb_atualizacao_status (id, ocorrencia_id, status_anterior, status_novo, observacao, atualizado_em) VALUES ('d4000001-0000-4000-8000-000000000141', 'c3000001-0000-4000-8000-000000000014', 'RECEBIDO', 'EM_ANALISE', 'Triagem concluida', NOW() - INTERVAL '56 days' - INTERVAL '1 hours' + INTERVAL '1 hours');
INSERT INTO tb_atualizacao_status (id, ocorrencia_id, status_anterior, status_novo, observacao, atualizado_em) VALUES ('d4000001-0000-4000-8000-000000000142', 'c3000001-0000-4000-8000-000000000014', 'EM_ANALISE', 'EM_ANDAMENTO', 'Servico iniciado', NOW() - INTERVAL '56 days' - INTERVAL '1 hours' + INTERVAL '2 hours');
INSERT INTO tb_atualizacao_status (id, ocorrencia_id, status_anterior, status_novo, observacao, atualizado_em) VALUES ('d4000001-0000-4000-8000-000000000143', 'c3000001-0000-4000-8000-000000000014', 'EM_ANDAMENTO', 'CONCLUIDO', 'Problema resolvido', NOW() - INTERVAL '56 days' - INTERVAL '1 hours' + INTERVAL '3 hours');
INSERT INTO tb_atualizacao_status (id, ocorrencia_id, status_anterior, status_novo, observacao, atualizado_em) VALUES ('d4000001-0000-4000-8000-000000000150', 'c3000001-0000-4000-8000-000000000015', 'RECEBIDO', 'RECEBIDO', 'Registro inicial', NOW() - INTERVAL '73 days' - INTERVAL '2 hours' + INTERVAL '0 hours');
INSERT INTO tb_atualizacao_status (id, ocorrencia_id, status_anterior, status_novo, observacao, atualizado_em) VALUES ('d4000001-0000-4000-8000-000000000151', 'c3000001-0000-4000-8000-000000000015', 'RECEBIDO', 'EM_ANALISE', 'Triagem concluida', NOW() - INTERVAL '73 days' - INTERVAL '2 hours' + INTERVAL '1 hours');
INSERT INTO tb_atualizacao_status (id, ocorrencia_id, status_anterior, status_novo, observacao, atualizado_em) VALUES ('d4000001-0000-4000-8000-000000000152', 'c3000001-0000-4000-8000-000000000015', 'EM_ANALISE', 'EM_ANDAMENTO', 'Servico iniciado', NOW() - INTERVAL '73 days' - INTERVAL '2 hours' + INTERVAL '2 hours');
INSERT INTO tb_atualizacao_status (id, ocorrencia_id, status_anterior, status_novo, observacao, atualizado_em) VALUES ('d4000001-0000-4000-8000-000000000153', 'c3000001-0000-4000-8000-000000000015', 'EM_ANDAMENTO', 'CONCLUIDO', 'Problema resolvido', NOW() - INTERVAL '73 days' - INTERVAL '2 hours' + INTERVAL '3 hours');
INSERT INTO tb_atualizacao_status (id, ocorrencia_id, status_anterior, status_novo, observacao, atualizado_em) VALUES ('d4000001-0000-4000-8000-000000000160', 'c3000001-0000-4000-8000-000000000016', 'RECEBIDO', 'RECEBIDO', 'Registro inicial', NOW() - INTERVAL '5 days' - INTERVAL '3 hours' + INTERVAL '0 hours');
INSERT INTO tb_atualizacao_status (id, ocorrencia_id, status_anterior, status_novo, observacao, atualizado_em) VALUES ('d4000001-0000-4000-8000-000000000170', 'c3000001-0000-4000-8000-000000000017', 'RECEBIDO', 'RECEBIDO', 'Registro inicial', NOW() - INTERVAL '22 days' - INTERVAL '4 hours' + INTERVAL '0 hours');
INSERT INTO tb_atualizacao_status (id, ocorrencia_id, status_anterior, status_novo, observacao, atualizado_em) VALUES ('d4000001-0000-4000-8000-000000000171', 'c3000001-0000-4000-8000-000000000017', 'RECEBIDO', 'ENCAMINHADO_EMERGENCIA', 'Encaminhado SAMU/Bombeiros/Policia conforme urgencia', NOW() - INTERVAL '22 days' - INTERVAL '4 hours' + INTERVAL '1 hours');
INSERT INTO tb_atualizacao_status (id, ocorrencia_id, status_anterior, status_novo, observacao, atualizado_em) VALUES ('d4000001-0000-4000-8000-000000000180', 'c3000001-0000-4000-8000-000000000018', 'RECEBIDO', 'RECEBIDO', 'Registro inicial', NOW() - INTERVAL '39 days' - INTERVAL '5 hours' + INTERVAL '0 hours');
INSERT INTO tb_atualizacao_status (id, ocorrencia_id, status_anterior, status_novo, observacao, atualizado_em) VALUES ('d4000001-0000-4000-8000-000000000181', 'c3000001-0000-4000-8000-000000000018', 'RECEBIDO', 'CANCELADO', 'Chamado duplicado ou informacao insuficiente', NOW() - INTERVAL '39 days' - INTERVAL '5 hours' + INTERVAL '1 hours');
INSERT INTO tb_atualizacao_status (id, ocorrencia_id, status_anterior, status_novo, observacao, atualizado_em) VALUES ('d4000001-0000-4000-8000-000000000190', 'c3000001-0000-4000-8000-000000000019', 'RECEBIDO', 'RECEBIDO', 'Registro inicial', NOW() - INTERVAL '56 days' - INTERVAL '6 hours' + INTERVAL '0 hours');
INSERT INTO tb_atualizacao_status (id, ocorrencia_id, status_anterior, status_novo, observacao, atualizado_em) VALUES ('d4000001-0000-4000-8000-000000000191', 'c3000001-0000-4000-8000-000000000019', 'RECEBIDO', 'EM_ANALISE', 'Triagem concluida', NOW() - INTERVAL '56 days' - INTERVAL '6 hours' + INTERVAL '1 hours');
INSERT INTO tb_atualizacao_status (id, ocorrencia_id, status_anterior, status_novo, observacao, atualizado_em) VALUES ('d4000001-0000-4000-8000-000000000192', 'c3000001-0000-4000-8000-000000000019', 'EM_ANALISE', 'EM_ANDAMENTO', 'Servico iniciado', NOW() - INTERVAL '56 days' - INTERVAL '6 hours' + INTERVAL '2 hours');
INSERT INTO tb_atualizacao_status (id, ocorrencia_id, status_anterior, status_novo, observacao, atualizado_em) VALUES ('d4000001-0000-4000-8000-000000000193', 'c3000001-0000-4000-8000-000000000019', 'EM_ANDAMENTO', 'CONCLUIDO', 'Problema resolvido', NOW() - INTERVAL '56 days' - INTERVAL '6 hours' + INTERVAL '3 hours');
INSERT INTO tb_atualizacao_status (id, ocorrencia_id, status_anterior, status_novo, observacao, atualizado_em) VALUES ('d4000001-0000-4000-8000-000000000200', 'c3000001-0000-4000-8000-000000000020', 'RECEBIDO', 'RECEBIDO', 'Registro inicial', NOW() - INTERVAL '73 days' - INTERVAL '7 hours' + INTERVAL '0 hours');
INSERT INTO tb_atualizacao_status (id, ocorrencia_id, status_anterior, status_novo, observacao, atualizado_em) VALUES ('d4000001-0000-4000-8000-000000000201', 'c3000001-0000-4000-8000-000000000020', 'RECEBIDO', 'EM_ANALISE', 'Triagem automatica pela IA', NOW() - INTERVAL '73 days' - INTERVAL '7 hours' + INTERVAL '1 hours');
INSERT INTO tb_atualizacao_status (id, ocorrencia_id, status_anterior, status_novo, observacao, atualizado_em) VALUES ('d4000001-0000-4000-8000-000000000210', 'c3000001-0000-4000-8000-000000000021', 'RECEBIDO', 'RECEBIDO', 'Registro inicial', NOW() - INTERVAL '5 days' - INTERVAL '8 hours' + INTERVAL '0 hours');
INSERT INTO tb_atualizacao_status (id, ocorrencia_id, status_anterior, status_novo, observacao, atualizado_em) VALUES ('d4000001-0000-4000-8000-000000000211', 'c3000001-0000-4000-8000-000000000021', 'RECEBIDO', 'EM_ANALISE', 'Encaminhado ao orgao responsavel', NOW() - INTERVAL '5 days' - INTERVAL '8 hours' + INTERVAL '1 hours');
INSERT INTO tb_atualizacao_status (id, ocorrencia_id, status_anterior, status_novo, observacao, atualizado_em) VALUES ('d4000001-0000-4000-8000-000000000212', 'c3000001-0000-4000-8000-000000000021', 'EM_ANALISE', 'EM_ANDAMENTO', 'Equipe em campo', NOW() - INTERVAL '5 days' - INTERVAL '8 hours' + INTERVAL '2 hours');
INSERT INTO tb_atualizacao_status (id, ocorrencia_id, status_anterior, status_novo, observacao, atualizado_em) VALUES ('d4000001-0000-4000-8000-000000000220', 'c3000001-0000-4000-8000-000000000022', 'RECEBIDO', 'RECEBIDO', 'Registro inicial', NOW() - INTERVAL '22 days' - INTERVAL '9 hours' + INTERVAL '0 hours');
INSERT INTO tb_atualizacao_status (id, ocorrencia_id, status_anterior, status_novo, observacao, atualizado_em) VALUES ('d4000001-0000-4000-8000-000000000221', 'c3000001-0000-4000-8000-000000000022', 'RECEBIDO', 'EM_ANALISE', 'Triagem automatica pela IA', NOW() - INTERVAL '22 days' - INTERVAL '9 hours' + INTERVAL '1 hours');
INSERT INTO tb_atualizacao_status (id, ocorrencia_id, status_anterior, status_novo, observacao, atualizado_em) VALUES ('d4000001-0000-4000-8000-000000000230', 'c3000001-0000-4000-8000-000000000023', 'RECEBIDO', 'RECEBIDO', 'Registro inicial', NOW() - INTERVAL '39 days' - INTERVAL '10 hours' + INTERVAL '0 hours');
INSERT INTO tb_atualizacao_status (id, ocorrencia_id, status_anterior, status_novo, observacao, atualizado_em) VALUES ('d4000001-0000-4000-8000-000000000231', 'c3000001-0000-4000-8000-000000000023', 'RECEBIDO', 'EM_ANALISE', 'Triagem concluida', NOW() - INTERVAL '39 days' - INTERVAL '10 hours' + INTERVAL '1 hours');
INSERT INTO tb_atualizacao_status (id, ocorrencia_id, status_anterior, status_novo, observacao, atualizado_em) VALUES ('d4000001-0000-4000-8000-000000000232', 'c3000001-0000-4000-8000-000000000023', 'EM_ANALISE', 'EM_ANDAMENTO', 'Servico iniciado', NOW() - INTERVAL '39 days' - INTERVAL '10 hours' + INTERVAL '2 hours');
INSERT INTO tb_atualizacao_status (id, ocorrencia_id, status_anterior, status_novo, observacao, atualizado_em) VALUES ('d4000001-0000-4000-8000-000000000233', 'c3000001-0000-4000-8000-000000000023', 'EM_ANDAMENTO', 'CONCLUIDO', 'Problema resolvido', NOW() - INTERVAL '39 days' - INTERVAL '10 hours' + INTERVAL '3 hours');
INSERT INTO tb_atualizacao_status (id, ocorrencia_id, status_anterior, status_novo, observacao, atualizado_em) VALUES ('d4000001-0000-4000-8000-000000000240', 'c3000001-0000-4000-8000-000000000024', 'RECEBIDO', 'RECEBIDO', 'Registro inicial', NOW() - INTERVAL '56 days' - INTERVAL '11 hours' + INTERVAL '0 hours');
INSERT INTO tb_atualizacao_status (id, ocorrencia_id, status_anterior, status_novo, observacao, atualizado_em) VALUES ('d4000001-0000-4000-8000-000000000250', 'c3000001-0000-4000-8000-000000000025', 'RECEBIDO', 'RECEBIDO', 'Registro inicial', NOW() - INTERVAL '73 days' - INTERVAL '0 hours' + INTERVAL '0 hours');
INSERT INTO tb_atualizacao_status (id, ocorrencia_id, status_anterior, status_novo, observacao, atualizado_em) VALUES ('d4000001-0000-4000-8000-000000000251', 'c3000001-0000-4000-8000-000000000025', 'RECEBIDO', 'EM_ANALISE', 'Triagem concluida', NOW() - INTERVAL '73 days' - INTERVAL '0 hours' + INTERVAL '1 hours');
INSERT INTO tb_atualizacao_status (id, ocorrencia_id, status_anterior, status_novo, observacao, atualizado_em) VALUES ('d4000001-0000-4000-8000-000000000252', 'c3000001-0000-4000-8000-000000000025', 'EM_ANALISE', 'EM_ANDAMENTO', 'Servico iniciado', NOW() - INTERVAL '73 days' - INTERVAL '0 hours' + INTERVAL '2 hours');
INSERT INTO tb_atualizacao_status (id, ocorrencia_id, status_anterior, status_novo, observacao, atualizado_em) VALUES ('d4000001-0000-4000-8000-000000000253', 'c3000001-0000-4000-8000-000000000025', 'EM_ANDAMENTO', 'CONCLUIDO', 'Problema resolvido', NOW() - INTERVAL '73 days' - INTERVAL '0 hours' + INTERVAL '3 hours');
INSERT INTO tb_atualizacao_status (id, ocorrencia_id, status_anterior, status_novo, observacao, atualizado_em) VALUES ('d4000001-0000-4000-8000-000000000260', 'c3000001-0000-4000-8000-000000000026', 'RECEBIDO', 'RECEBIDO', 'Registro inicial', NOW() - INTERVAL '5 days' - INTERVAL '1 hours' + INTERVAL '0 hours');
INSERT INTO tb_atualizacao_status (id, ocorrencia_id, status_anterior, status_novo, observacao, atualizado_em) VALUES ('d4000001-0000-4000-8000-000000000261', 'c3000001-0000-4000-8000-000000000026', 'RECEBIDO', 'ENCAMINHADO_EMERGENCIA', 'Encaminhado SAMU/Bombeiros/Policia conforme urgencia', NOW() - INTERVAL '5 days' - INTERVAL '1 hours' + INTERVAL '1 hours');
INSERT INTO tb_atualizacao_status (id, ocorrencia_id, status_anterior, status_novo, observacao, atualizado_em) VALUES ('d4000001-0000-4000-8000-000000000270', 'c3000001-0000-4000-8000-000000000027', 'RECEBIDO', 'RECEBIDO', 'Registro inicial', NOW() - INTERVAL '22 days' - INTERVAL '2 hours' + INTERVAL '0 hours');
INSERT INTO tb_atualizacao_status (id, ocorrencia_id, status_anterior, status_novo, observacao, atualizado_em) VALUES ('d4000001-0000-4000-8000-000000000280', 'c3000001-0000-4000-8000-000000000028', 'RECEBIDO', 'RECEBIDO', 'Registro inicial', NOW() - INTERVAL '39 days' - INTERVAL '3 hours' + INTERVAL '0 hours');
INSERT INTO tb_atualizacao_status (id, ocorrencia_id, status_anterior, status_novo, observacao, atualizado_em) VALUES ('d4000001-0000-4000-8000-000000000281', 'c3000001-0000-4000-8000-000000000028', 'RECEBIDO', 'EM_ANALISE', 'Encaminhado ao orgao responsavel', NOW() - INTERVAL '39 days' - INTERVAL '3 hours' + INTERVAL '1 hours');
INSERT INTO tb_atualizacao_status (id, ocorrencia_id, status_anterior, status_novo, observacao, atualizado_em) VALUES ('d4000001-0000-4000-8000-000000000282', 'c3000001-0000-4000-8000-000000000028', 'EM_ANALISE', 'EM_ANDAMENTO', 'Equipe em campo', NOW() - INTERVAL '39 days' - INTERVAL '3 hours' + INTERVAL '2 hours');
INSERT INTO tb_atualizacao_status (id, ocorrencia_id, status_anterior, status_novo, observacao, atualizado_em) VALUES ('d4000001-0000-4000-8000-000000000290', 'c3000001-0000-4000-8000-000000000029', 'RECEBIDO', 'RECEBIDO', 'Registro inicial', NOW() - INTERVAL '56 days' - INTERVAL '4 hours' + INTERVAL '0 hours');
INSERT INTO tb_atualizacao_status (id, ocorrencia_id, status_anterior, status_novo, observacao, atualizado_em) VALUES ('d4000001-0000-4000-8000-000000000291', 'c3000001-0000-4000-8000-000000000029', 'RECEBIDO', 'EM_ANALISE', 'Triagem concluida', NOW() - INTERVAL '56 days' - INTERVAL '4 hours' + INTERVAL '1 hours');
INSERT INTO tb_atualizacao_status (id, ocorrencia_id, status_anterior, status_novo, observacao, atualizado_em) VALUES ('d4000001-0000-4000-8000-000000000292', 'c3000001-0000-4000-8000-000000000029', 'EM_ANALISE', 'EM_ANDAMENTO', 'Servico iniciado', NOW() - INTERVAL '56 days' - INTERVAL '4 hours' + INTERVAL '2 hours');
INSERT INTO tb_atualizacao_status (id, ocorrencia_id, status_anterior, status_novo, observacao, atualizado_em) VALUES ('d4000001-0000-4000-8000-000000000293', 'c3000001-0000-4000-8000-000000000029', 'EM_ANDAMENTO', 'CONCLUIDO', 'Problema resolvido', NOW() - INTERVAL '56 days' - INTERVAL '4 hours' + INTERVAL '3 hours');
INSERT INTO tb_atualizacao_status (id, ocorrencia_id, status_anterior, status_novo, observacao, atualizado_em) VALUES ('d4000001-0000-4000-8000-000000000300', 'c3000001-0000-4000-8000-000000000030', 'RECEBIDO', 'RECEBIDO', 'Registro inicial', NOW() - INTERVAL '73 days' - INTERVAL '5 hours' + INTERVAL '0 hours');
INSERT INTO tb_atualizacao_status (id, ocorrencia_id, status_anterior, status_novo, observacao, atualizado_em) VALUES ('d4000001-0000-4000-8000-000000000301', 'c3000001-0000-4000-8000-000000000030', 'RECEBIDO', 'EM_ANALISE', 'Triagem automatica pela IA', NOW() - INTERVAL '73 days' - INTERVAL '5 hours' + INTERVAL '1 hours');
INSERT INTO tb_atualizacao_status (id, ocorrencia_id, status_anterior, status_novo, observacao, atualizado_em) VALUES ('d4000001-0000-4000-8000-000000000310', 'c3000001-0000-4000-8000-000000000031', 'RECEBIDO', 'RECEBIDO', 'Registro inicial', NOW() - INTERVAL '5 days' - INTERVAL '6 hours' + INTERVAL '0 hours');
INSERT INTO tb_atualizacao_status (id, ocorrencia_id, status_anterior, status_novo, observacao, atualizado_em) VALUES ('d4000001-0000-4000-8000-000000000311', 'c3000001-0000-4000-8000-000000000031', 'RECEBIDO', 'EM_ANALISE', 'Encaminhado ao orgao responsavel', NOW() - INTERVAL '5 days' - INTERVAL '6 hours' + INTERVAL '1 hours');
INSERT INTO tb_atualizacao_status (id, ocorrencia_id, status_anterior, status_novo, observacao, atualizado_em) VALUES ('d4000001-0000-4000-8000-000000000312', 'c3000001-0000-4000-8000-000000000031', 'EM_ANALISE', 'EM_ANDAMENTO', 'Equipe em campo', NOW() - INTERVAL '5 days' - INTERVAL '6 hours' + INTERVAL '2 hours');
INSERT INTO tb_atualizacao_status (id, ocorrencia_id, status_anterior, status_novo, observacao, atualizado_em) VALUES ('d4000001-0000-4000-8000-000000000320', 'c3000001-0000-4000-8000-000000000032', 'RECEBIDO', 'RECEBIDO', 'Registro inicial', NOW() - INTERVAL '22 days' - INTERVAL '7 hours' + INTERVAL '0 hours');
INSERT INTO tb_atualizacao_status (id, ocorrencia_id, status_anterior, status_novo, observacao, atualizado_em) VALUES ('d4000001-0000-4000-8000-000000000330', 'c3000001-0000-4000-8000-000000000033', 'RECEBIDO', 'RECEBIDO', 'Registro inicial', NOW() - INTERVAL '39 days' - INTERVAL '8 hours' + INTERVAL '0 hours');
INSERT INTO tb_atualizacao_status (id, ocorrencia_id, status_anterior, status_novo, observacao, atualizado_em) VALUES ('d4000001-0000-4000-8000-000000000331', 'c3000001-0000-4000-8000-000000000033', 'RECEBIDO', 'EM_ANALISE', 'Triagem concluida', NOW() - INTERVAL '39 days' - INTERVAL '8 hours' + INTERVAL '1 hours');
INSERT INTO tb_atualizacao_status (id, ocorrencia_id, status_anterior, status_novo, observacao, atualizado_em) VALUES ('d4000001-0000-4000-8000-000000000332', 'c3000001-0000-4000-8000-000000000033', 'EM_ANALISE', 'EM_ANDAMENTO', 'Servico iniciado', NOW() - INTERVAL '39 days' - INTERVAL '8 hours' + INTERVAL '2 hours');
INSERT INTO tb_atualizacao_status (id, ocorrencia_id, status_anterior, status_novo, observacao, atualizado_em) VALUES ('d4000001-0000-4000-8000-000000000333', 'c3000001-0000-4000-8000-000000000033', 'EM_ANDAMENTO', 'CONCLUIDO', 'Problema resolvido', NOW() - INTERVAL '39 days' - INTERVAL '8 hours' + INTERVAL '3 hours');
INSERT INTO tb_atualizacao_status (id, ocorrencia_id, status_anterior, status_novo, observacao, atualizado_em) VALUES ('d4000001-0000-4000-8000-000000000340', 'c3000001-0000-4000-8000-000000000034', 'RECEBIDO', 'RECEBIDO', 'Registro inicial', NOW() - INTERVAL '56 days' - INTERVAL '9 hours' + INTERVAL '0 hours');
INSERT INTO tb_atualizacao_status (id, ocorrencia_id, status_anterior, status_novo, observacao, atualizado_em) VALUES ('d4000001-0000-4000-8000-000000000341', 'c3000001-0000-4000-8000-000000000034', 'RECEBIDO', 'EM_ANALISE', 'Triagem automatica pela IA', NOW() - INTERVAL '56 days' - INTERVAL '9 hours' + INTERVAL '1 hours');
INSERT INTO tb_atualizacao_status (id, ocorrencia_id, status_anterior, status_novo, observacao, atualizado_em) VALUES ('d4000001-0000-4000-8000-000000000350', 'c3000001-0000-4000-8000-000000000035', 'RECEBIDO', 'RECEBIDO', 'Registro inicial', NOW() - INTERVAL '73 days' - INTERVAL '10 hours' + INTERVAL '0 hours');
INSERT INTO tb_atualizacao_status (id, ocorrencia_id, status_anterior, status_novo, observacao, atualizado_em) VALUES ('d4000001-0000-4000-8000-000000000351', 'c3000001-0000-4000-8000-000000000035', 'RECEBIDO', 'EM_ANALISE', 'Triagem concluida', NOW() - INTERVAL '73 days' - INTERVAL '10 hours' + INTERVAL '1 hours');
INSERT INTO tb_atualizacao_status (id, ocorrencia_id, status_anterior, status_novo, observacao, atualizado_em) VALUES ('d4000001-0000-4000-8000-000000000352', 'c3000001-0000-4000-8000-000000000035', 'EM_ANALISE', 'EM_ANDAMENTO', 'Servico iniciado', NOW() - INTERVAL '73 days' - INTERVAL '10 hours' + INTERVAL '2 hours');
INSERT INTO tb_atualizacao_status (id, ocorrencia_id, status_anterior, status_novo, observacao, atualizado_em) VALUES ('d4000001-0000-4000-8000-000000000353', 'c3000001-0000-4000-8000-000000000035', 'EM_ANDAMENTO', 'CONCLUIDO', 'Problema resolvido', NOW() - INTERVAL '73 days' - INTERVAL '10 hours' + INTERVAL '3 hours');
INSERT INTO tb_atualizacao_status (id, ocorrencia_id, status_anterior, status_novo, observacao, atualizado_em) VALUES ('d4000001-0000-4000-8000-000000000360', 'c3000001-0000-4000-8000-000000000036', 'RECEBIDO', 'RECEBIDO', 'Registro inicial', NOW() - INTERVAL '5 days' - INTERVAL '11 hours' + INTERVAL '0 hours');
INSERT INTO tb_atualizacao_status (id, ocorrencia_id, status_anterior, status_novo, observacao, atualizado_em) VALUES ('d4000001-0000-4000-8000-000000000370', 'c3000001-0000-4000-8000-000000000037', 'RECEBIDO', 'RECEBIDO', 'Registro inicial', NOW() - INTERVAL '22 days' - INTERVAL '0 hours' + INTERVAL '0 hours');
INSERT INTO tb_atualizacao_status (id, ocorrencia_id, status_anterior, status_novo, observacao, atualizado_em) VALUES ('d4000001-0000-4000-8000-000000000371', 'c3000001-0000-4000-8000-000000000037', 'RECEBIDO', 'ENCAMINHADO_EMERGENCIA', 'Encaminhado SAMU/Bombeiros/Policia conforme urgencia', NOW() - INTERVAL '22 days' - INTERVAL '0 hours' + INTERVAL '1 hours');
INSERT INTO tb_atualizacao_status (id, ocorrencia_id, status_anterior, status_novo, observacao, atualizado_em) VALUES ('d4000001-0000-4000-8000-000000000380', 'c3000001-0000-4000-8000-000000000038', 'RECEBIDO', 'RECEBIDO', 'Registro inicial', NOW() - INTERVAL '39 days' - INTERVAL '1 hours' + INTERVAL '0 hours');
INSERT INTO tb_atualizacao_status (id, ocorrencia_id, status_anterior, status_novo, observacao, atualizado_em) VALUES ('d4000001-0000-4000-8000-000000000381', 'c3000001-0000-4000-8000-000000000038', 'RECEBIDO', 'CANCELADO', 'Chamado duplicado ou informacao insuficiente', NOW() - INTERVAL '39 days' - INTERVAL '1 hours' + INTERVAL '1 hours');
INSERT INTO tb_atualizacao_status (id, ocorrencia_id, status_anterior, status_novo, observacao, atualizado_em) VALUES ('d4000001-0000-4000-8000-000000000390', 'c3000001-0000-4000-8000-000000000039', 'RECEBIDO', 'RECEBIDO', 'Registro inicial', NOW() - INTERVAL '56 days' - INTERVAL '2 hours' + INTERVAL '0 hours');
INSERT INTO tb_atualizacao_status (id, ocorrencia_id, status_anterior, status_novo, observacao, atualizado_em) VALUES ('d4000001-0000-4000-8000-000000000400', 'c3000001-0000-4000-8000-000000000040', 'RECEBIDO', 'RECEBIDO', 'Registro inicial', NOW() - INTERVAL '73 days' - INTERVAL '3 hours' + INTERVAL '0 hours');
INSERT INTO tb_atualizacao_status (id, ocorrencia_id, status_anterior, status_novo, observacao, atualizado_em) VALUES ('d4000001-0000-4000-8000-000000000401', 'c3000001-0000-4000-8000-000000000040', 'RECEBIDO', 'EM_ANALISE', 'Triagem automatica pela IA', NOW() - INTERVAL '73 days' - INTERVAL '3 hours' + INTERVAL '1 hours');
INSERT INTO tb_atualizacao_status (id, ocorrencia_id, status_anterior, status_novo, observacao, atualizado_em) VALUES ('d4000001-0000-4000-8000-000000000410', 'c3000001-0000-4000-8000-000000000041', 'RECEBIDO', 'RECEBIDO', 'Registro inicial', NOW() - INTERVAL '5 days' - INTERVAL '4 hours' + INTERVAL '0 hours');
INSERT INTO tb_atualizacao_status (id, ocorrencia_id, status_anterior, status_novo, observacao, atualizado_em) VALUES ('d4000001-0000-4000-8000-000000000411', 'c3000001-0000-4000-8000-000000000041', 'RECEBIDO', 'EM_ANALISE', 'Encaminhado ao orgao responsavel', NOW() - INTERVAL '5 days' - INTERVAL '4 hours' + INTERVAL '1 hours');
INSERT INTO tb_atualizacao_status (id, ocorrencia_id, status_anterior, status_novo, observacao, atualizado_em) VALUES ('d4000001-0000-4000-8000-000000000412', 'c3000001-0000-4000-8000-000000000041', 'EM_ANALISE', 'EM_ANDAMENTO', 'Equipe em campo', NOW() - INTERVAL '5 days' - INTERVAL '4 hours' + INTERVAL '2 hours');
INSERT INTO tb_atualizacao_status (id, ocorrencia_id, status_anterior, status_novo, observacao, atualizado_em) VALUES ('d4000001-0000-4000-8000-000000000420', 'c3000001-0000-4000-8000-000000000042', 'RECEBIDO', 'RECEBIDO', 'Registro inicial', NOW() - INTERVAL '22 days' - INTERVAL '5 hours' + INTERVAL '0 hours');
INSERT INTO tb_atualizacao_status (id, ocorrencia_id, status_anterior, status_novo, observacao, atualizado_em) VALUES ('d4000001-0000-4000-8000-000000000421', 'c3000001-0000-4000-8000-000000000042', 'RECEBIDO', 'EM_ANALISE', 'Triagem concluida', NOW() - INTERVAL '22 days' - INTERVAL '5 hours' + INTERVAL '1 hours');
INSERT INTO tb_atualizacao_status (id, ocorrencia_id, status_anterior, status_novo, observacao, atualizado_em) VALUES ('d4000001-0000-4000-8000-000000000422', 'c3000001-0000-4000-8000-000000000042', 'EM_ANALISE', 'EM_ANDAMENTO', 'Servico iniciado', NOW() - INTERVAL '22 days' - INTERVAL '5 hours' + INTERVAL '2 hours');
INSERT INTO tb_atualizacao_status (id, ocorrencia_id, status_anterior, status_novo, observacao, atualizado_em) VALUES ('d4000001-0000-4000-8000-000000000423', 'c3000001-0000-4000-8000-000000000042', 'EM_ANDAMENTO', 'CONCLUIDO', 'Problema resolvido', NOW() - INTERVAL '22 days' - INTERVAL '5 hours' + INTERVAL '3 hours');
INSERT INTO tb_atualizacao_status (id, ocorrencia_id, status_anterior, status_novo, observacao, atualizado_em) VALUES ('d4000001-0000-4000-8000-000000000430', 'c3000001-0000-4000-8000-000000000043', 'RECEBIDO', 'RECEBIDO', 'Registro inicial', NOW() - INTERVAL '39 days' - INTERVAL '6 hours' + INTERVAL '0 hours');
INSERT INTO tb_atualizacao_status (id, ocorrencia_id, status_anterior, status_novo, observacao, atualizado_em) VALUES ('d4000001-0000-4000-8000-000000000431', 'c3000001-0000-4000-8000-000000000043', 'RECEBIDO', 'EM_ANALISE', 'Triagem concluida', NOW() - INTERVAL '39 days' - INTERVAL '6 hours' + INTERVAL '1 hours');
INSERT INTO tb_atualizacao_status (id, ocorrencia_id, status_anterior, status_novo, observacao, atualizado_em) VALUES ('d4000001-0000-4000-8000-000000000432', 'c3000001-0000-4000-8000-000000000043', 'EM_ANALISE', 'EM_ANDAMENTO', 'Servico iniciado', NOW() - INTERVAL '39 days' - INTERVAL '6 hours' + INTERVAL '2 hours');
INSERT INTO tb_atualizacao_status (id, ocorrencia_id, status_anterior, status_novo, observacao, atualizado_em) VALUES ('d4000001-0000-4000-8000-000000000433', 'c3000001-0000-4000-8000-000000000043', 'EM_ANDAMENTO', 'CONCLUIDO', 'Problema resolvido', NOW() - INTERVAL '39 days' - INTERVAL '6 hours' + INTERVAL '3 hours');
INSERT INTO tb_atualizacao_status (id, ocorrencia_id, status_anterior, status_novo, observacao, atualizado_em) VALUES ('d4000001-0000-4000-8000-000000000440', 'c3000001-0000-4000-8000-000000000044', 'RECEBIDO', 'RECEBIDO', 'Registro inicial', NOW() - INTERVAL '56 days' - INTERVAL '7 hours' + INTERVAL '0 hours');
INSERT INTO tb_atualizacao_status (id, ocorrencia_id, status_anterior, status_novo, observacao, atualizado_em) VALUES ('d4000001-0000-4000-8000-000000000450', 'c3000001-0000-4000-8000-000000000045', 'RECEBIDO', 'RECEBIDO', 'Registro inicial', NOW() - INTERVAL '73 days' - INTERVAL '8 hours' + INTERVAL '0 hours');
INSERT INTO tb_atualizacao_status (id, ocorrencia_id, status_anterior, status_novo, observacao, atualizado_em) VALUES ('d4000001-0000-4000-8000-000000000451', 'c3000001-0000-4000-8000-000000000045', 'RECEBIDO', 'ENCAMINHADO_EMERGENCIA', 'Encaminhado SAMU/Bombeiros/Policia conforme urgencia', NOW() - INTERVAL '73 days' - INTERVAL '8 hours' + INTERVAL '1 hours');
INSERT INTO tb_atualizacao_status (id, ocorrencia_id, status_anterior, status_novo, observacao, atualizado_em) VALUES ('d4000001-0000-4000-8000-000000000460', 'c3000001-0000-4000-8000-000000000046', 'RECEBIDO', 'RECEBIDO', 'Registro inicial', NOW() - INTERVAL '5 days' - INTERVAL '9 hours' + INTERVAL '0 hours');
INSERT INTO tb_atualizacao_status (id, ocorrencia_id, status_anterior, status_novo, observacao, atualizado_em) VALUES ('d4000001-0000-4000-8000-000000000461', 'c3000001-0000-4000-8000-000000000046', 'RECEBIDO', 'EM_ANALISE', 'Triagem automatica pela IA', NOW() - INTERVAL '5 days' - INTERVAL '9 hours' + INTERVAL '1 hours');
INSERT INTO tb_atualizacao_status (id, ocorrencia_id, status_anterior, status_novo, observacao, atualizado_em) VALUES ('d4000001-0000-4000-8000-000000000470', 'c3000001-0000-4000-8000-000000000047', 'RECEBIDO', 'RECEBIDO', 'Registro inicial', NOW() - INTERVAL '22 days' - INTERVAL '10 hours' + INTERVAL '0 hours');
INSERT INTO tb_atualizacao_status (id, ocorrencia_id, status_anterior, status_novo, observacao, atualizado_em) VALUES ('d4000001-0000-4000-8000-000000000471', 'c3000001-0000-4000-8000-000000000047', 'RECEBIDO', 'EM_ANALISE', 'Triagem concluida', NOW() - INTERVAL '22 days' - INTERVAL '10 hours' + INTERVAL '1 hours');
INSERT INTO tb_atualizacao_status (id, ocorrencia_id, status_anterior, status_novo, observacao, atualizado_em) VALUES ('d4000001-0000-4000-8000-000000000472', 'c3000001-0000-4000-8000-000000000047', 'EM_ANALISE', 'EM_ANDAMENTO', 'Servico iniciado', NOW() - INTERVAL '22 days' - INTERVAL '10 hours' + INTERVAL '2 hours');
INSERT INTO tb_atualizacao_status (id, ocorrencia_id, status_anterior, status_novo, observacao, atualizado_em) VALUES ('d4000001-0000-4000-8000-000000000473', 'c3000001-0000-4000-8000-000000000047', 'EM_ANDAMENTO', 'CONCLUIDO', 'Problema resolvido', NOW() - INTERVAL '22 days' - INTERVAL '10 hours' + INTERVAL '3 hours');
INSERT INTO tb_atualizacao_status (id, ocorrencia_id, status_anterior, status_novo, observacao, atualizado_em) VALUES ('d4000001-0000-4000-8000-000000000480', 'c3000001-0000-4000-8000-000000000048', 'RECEBIDO', 'RECEBIDO', 'Registro inicial', NOW() - INTERVAL '39 days' - INTERVAL '11 hours' + INTERVAL '0 hours');
INSERT INTO tb_atualizacao_status (id, ocorrencia_id, status_anterior, status_novo, observacao, atualizado_em) VALUES ('d4000001-0000-4000-8000-000000000481', 'c3000001-0000-4000-8000-000000000048', 'RECEBIDO', 'EM_ANALISE', 'Triagem concluida', NOW() - INTERVAL '39 days' - INTERVAL '11 hours' + INTERVAL '1 hours');
INSERT INTO tb_atualizacao_status (id, ocorrencia_id, status_anterior, status_novo, observacao, atualizado_em) VALUES ('d4000001-0000-4000-8000-000000000482', 'c3000001-0000-4000-8000-000000000048', 'EM_ANALISE', 'EM_ANDAMENTO', 'Servico iniciado', NOW() - INTERVAL '39 days' - INTERVAL '11 hours' + INTERVAL '2 hours');
INSERT INTO tb_atualizacao_status (id, ocorrencia_id, status_anterior, status_novo, observacao, atualizado_em) VALUES ('d4000001-0000-4000-8000-000000000483', 'c3000001-0000-4000-8000-000000000048', 'EM_ANDAMENTO', 'CONCLUIDO', 'Problema resolvido', NOW() - INTERVAL '39 days' - INTERVAL '11 hours' + INTERVAL '3 hours');
INSERT INTO tb_atualizacao_status (id, ocorrencia_id, status_anterior, status_novo, observacao, atualizado_em) VALUES ('d4000001-0000-4000-8000-000000000490', 'c3000001-0000-4000-8000-000000000049', 'RECEBIDO', 'RECEBIDO', 'Registro inicial', NOW() - INTERVAL '56 days' - INTERVAL '0 hours' + INTERVAL '0 hours');
INSERT INTO tb_atualizacao_status (id, ocorrencia_id, status_anterior, status_novo, observacao, atualizado_em) VALUES ('d4000001-0000-4000-8000-000000000500', 'c3000001-0000-4000-8000-000000000050', 'RECEBIDO', 'RECEBIDO', 'Registro inicial', NOW() - INTERVAL '73 days' - INTERVAL '1 hours' + INTERVAL '0 hours');
INSERT INTO tb_atualizacao_status (id, ocorrencia_id, status_anterior, status_novo, observacao, atualizado_em) VALUES ('d4000001-0000-4000-8000-000000000501', 'c3000001-0000-4000-8000-000000000050', 'RECEBIDO', 'EM_ANALISE', 'Encaminhado ao orgao responsavel', NOW() - INTERVAL '73 days' - INTERVAL '1 hours' + INTERVAL '1 hours');
INSERT INTO tb_atualizacao_status (id, ocorrencia_id, status_anterior, status_novo, observacao, atualizado_em) VALUES ('d4000001-0000-4000-8000-000000000502', 'c3000001-0000-4000-8000-000000000050', 'EM_ANALISE', 'EM_ANDAMENTO', 'Equipe em campo', NOW() - INTERVAL '73 days' - INTERVAL '1 hours' + INTERVAL '2 hours');
